id1,id2,id3,id4,id5,id6,v1,v2,v3
id016,id016,id0000042202,15,24,5971,5,11,37.211254
id039,id045,id0000029558,40,49,39457,5,4,48.951141
id047,id023,id0000071286,68,20,74463,2,14,60.469241
id043,id057,id0000015141,32,43,63743,1,15,7.692145
id054,id040,id0000011083,9,25,16920,2,9,22.863525
id029,id020,id0000017974,40,43,14435,3,13,87.521355
id047,id023,id0000084849,90,96,35790,2,9,93.348148
id091,id022,id0000031441,50,44,71525,3,11,81.013682
id090,id048,id0000067778,24,2,51862,4,9,30.718821